0,0000_Apple_To_Launch_129inch_iPad_on_2015_Rumors_Say
1,0001_Apple_planning_129inch_iPad_for_2015Bloomberg
2,0002_iPad_Pro_Release_Date_Tipped_For_Q1_2015_As_Suppliers_Prepare_To_Produce
3,0003_iPad_Air_2_release_date_latest_news_plus_other_interesting_info_Apples_newest
4,0004_iPhone_6_Release_Date_Nears_Rumors_of_Sept_9_2014_Launch_Event_Continue
5,0005_Apple_to_unveil_iWatch_alongside_iPhone_6
6,0006_iWatch_reportedly_set_for_September_9_debut_alongside_the_iPhone_6
7,0007_Apple_may_unveil_iWatch_on_September_9_alongside_iPhone_6
8,0008_Apple_may_unveil_iWatch_on_September_9_too
9,0009_Apple_Inc_iWatch_iPhone_6_Release_Date_Set_Next_Month
10,0010_Orange_is_the_New_Black_Emmy_Nominations_Series_Snubbed_At_Monday
11,0011_Breaking_Bad_season_6_hoax_No_a_new_series_hasnt_been_confirmed_by_Vince
12,0012_UPDATE_2Big_screen_stars_bring_new_shine_to_Emmys_TVs_top_night
13,0013_Netflix_uses_Emmys_to_say_Were_now_TV_is_then
14,0014_Emmys_exalt_old_favourites_over_TVs_shiny_newcomers
15,0015_Orange_Is_the_New_Black_Cast_on_the_2014_Emmys_Red_Carpet_PHOTOS
16,0016_Emmys_stuck_on_repeat
17,0017_Emmys_2014_Breaking_Bad_gets_a_grand_finale_with_big_wins_but_Sherlock
18,0018_True_Blood_Season_7_Spoilers_Watch_The_Cast_Say_Goodbye_In_Special_After
19,0019_At_the_Emmys_The_best_lines_from_the_brightest_stars
20,0020_Zara_pulls_childrens_tops_resembling_Nazi_concentration_camp_uniforms
21,0021_Kids_shirt_resembling_Nazi_camp_garb_pulled_by_retailer
22,0022_Kids_in_Holocaust_Clothing
23,0023_Ralph_Lauren_Testing_Fitness_Tracking_Shirt_at_US_Open
24,0024_Ralph_Laurens_Polo_Tech_Shirt
25,0025_Wearable_Tech_5_Things_to_Know_About_the_Ralph_Lauren_Smart_Shirt
26,0026_Ralph_Lauren_Polo_Tech_smart_shirt_hits_the_tennis_court
27,0027_Ralph_Lauren_Serves_Up_Wearable_Tech
28,0028_Ralph_Lauren_debuts_Polo_Tech_fitness_tracker_shirt_at_US_Open
29,0029_Ralph_Lauren_biometric_smart_shirt_debuts_at_US_Open
30,0030_Nick_Cannon_apologises_to_Mariah
31,0031_Nick_Cannon_reportedly_claimed_he_walked_out_on_his_and_Mariah_Careys
32,0032_Nick_Cannons_SAVED_HatTalking_About_Split_From_Mariah_Carey
33,0033_Mariah_Carey_Divorce_Nick_Cannons_Dad_Calls_Mariah_A_Liar
34,0034_Kylie_Jenner_Drake_and_Nick_Cannon_&_Mariah_Carey_land_in_our_MORNING
35,0035_Nick_Cannons_Dad_Denies_His_Son_Cheated_on_Mariah_Carey_I_Never_Saw_Her
36,0036_Sex_Lies_And_Weight_Gain_Nick_Cannons_Dad_Opens_Up_About_Relationship
37,0037_ALS_Ice_Buckets_Cynics_and_Parents
38,0038_True_Blood_Finale_The_Worst_Episode_in_the_History_of_Television
39,0039_Arch_Campbell_Preview_of_Monday_nights_Emmy_Awards
40,0040_Doh_Homer_Simpson_takes_ALS_Ice_Bucket_Challenge
41,0041_McHendry_Local_pastor_takes_part_in_Ice_Bucket_Challenge
42,0042_5_Pub_manager_to_have_ice_cold_water_poured_over_him_tonight
43,0043_Woman_has_different_take_on_ALS_Ice_Bucket_Challenge
44,0044_Let_me_tell_you_about_my_hero_the_man_who_beat_ALS
45,0045_Facebook_user_claims_that_only_7%_of_ALS_challenge_donations_go_towards
46,0046_AntiAbortion_Activists_Have_a_Big_Problem_With_the_Ice_Bucket_Challenge
47,0047_ALS_Ice_Bucket_Challenge_Charity_challenge_hits_Chelmsford
48,0048_Downton_Abbeys_Michelle_Dockerys_completes_the_ALS_Ice_Bucket_challenge
49,0049_George_RR_Martin_does_Ice_Bucket_Challenge_then_slips_in_the_pool
50,0050_Chelsea_Handler_gets_intervention_in_finale
51,0051_Chelsea_Handler_signs_off_from_Chelsea_Lately_on_E
52,0052_Ellen_DeGeneres_Surprises_Chelsea_Handler_In_the_Shower_&_More_Finale
53,0053_Trace_Adkins_LeAnn_Rimes_Help_Chelsea_Handler_Say_Goodbye_to_E_Watch
54,0054_Lord_Attenborough_Chelsea_pay_tribute_to_life_president
55,0055_STAGE_TUBE_Watch_Usher_and_Nicki_Minaj_Perform_Latest_Hit_SHE_CAME_TO
56,0056_STAGE_TUBE_Taylor_Swift_Embraces_Her_Inner_Awkwardness_in_SHAKE_IT_OFF
57,0057_Beyonce_Sneezes_on_MTV_and_MTV_Gets_Sicker
58,0058_Diem_Brown_of_MTVs_The_Challenge_Diagnosed_With_Cancer_for_the_Third_Time
59,0059_Selena_Gomez_and_Miley_Cyrus_Battle_At_Chelsea_Finale_Made_Up_By
60,0060_From_Al_Pacino_to_zombies_5_things_to_watch_for_at_71st_Venice_Film_Festival
61,0061_Venice_14_Ron_Mann_aims_for_Altmanesque_in_Altman
62,0062_Richard_Attenborough_Beyond_Gandhi_3_Films_to_Watch
63,0063_Movie_review_The_November_Man
64,0064_Richard_Attenborough_passes_at_age_90
65,0065_Spielberg_leads_tributes_to_Richard_Attenborough
66,0066_Emmy_Awards_Breaking_Bad_wins_big_in_drama_category
67,0067_The_Man_behind_the_Mahatma
68,0068_Netflix_shut_out_of_major_Emmy_awards
69,0069_The_Emmys_Past_Winners_Trump_New_Shows_And_Breaking_Bad_Takes_A_Bow
70,0070_Mosquito_tests_positive_for_West_Nile_virus_in_Oklahoma_County
71,0071_First_2014_human_case_of_West_Nile_virus_confirmed_in_Riverside_County
72,0072_First_human_case_of_West_Nile_confirmed_in_Riverside_County
73,0073_West_Nile_Virus_claims_second_life_in_Mississippi
74,0074_West_Nile_virus_infects_two_horses_in_BCs_Southern_Interior
75,0075_What_you_need_to_know_about_the_Ebola_virus_outbreak_in_West_Africa
76,0076_Tourists_from_Ebola_risk_areas_under_strict_observation
77,0077_Could_A_TwoYearOld_Boy_Be_Patient_Zero_For_The_Ebola_Outbreak
78,0078_Sierra_Leone_makes_harbouring_Ebola_victims_a_crime
79,0079_Ebola_UK_Doctors_in_London_begin_to_treat_British_nurse_who_caught_killer
80,0080_Memories_may_be_rewired_in_the_brain
81,0081_Got_bad_memories_Scientists_can_use_light_technique_to_overwrite_them
82,0082_MIT_Scientists_Use_Lasers_to_Replace_Bad_Memories_with_Good_Ones_in_Mice
83,0083_Got_a_bad_memory_you_want_to_erase_Neuroscientists_say_its_possible
84,0084_Medical_director_says_aerial_mosquito_spraying_is_safe
85,0085_Efforts_to_Restore_Coral_Habitats_StinkLiterally
86,0086_Climate_Scientists_Spell_Out_Stark_Danger_And_Immorality_Of_Inaction_In_New
87,0087_EBOLA_Vaccine_of_GlaxoSmithKline_plc_ADR_NYSEGSK_To_Be_Tasted_Soon
88,0088_High_street_shop_Zara_removes_childs_top_after_Nazi_concentration_camp
89,0089_Global_Warming_Discovery_of_500_Methane_Vents_On_Atlantic_Ocean_Floor_Has
90,0090_Eating_Disorder_Doesnt_Just_Mean_Anorexia_or_Bulimia_I_Have_EDNOS
91,0091_Eating_disorders_and_schoolaged_children
92,0092_NormalWeight_Teens_can_Suffer_from_Eating_Disorders
93,0093_Healthy_looking_teens_may_still_have_anorexia
94,0094_Hidden_Eating_Disorders_NormalWeight_Teens_May_Also_Be_Dealing_with
95,0095_Eating_Disorders_in_Adolescents_Recommendations_Diagnosis_Changes
96,0096_Why_BMI_Is_a_Big_Fat_Scam
97,0097_Tim_Hortons_and_Americas_Canadian_Food_Obsession
98,0098_Nicki_Minaj_diets_3_days_before_performances
99,0099_Ice_buckets_and_food_tours
100,0100_Wadleigh_named_interim_CEO_of_Access_Health_CT
101,0101_Kevin_Counihan_accepts_offer_for_Position_of_CEO_at_Federal_Marketplace
102,0102_Access_Health_CT_Chief_Leaving_For_Job_With_US_HealthInsurance_Marketplace
103,0103_Counihan_departing_Access_Health_CT
104,0104_Connecticut_exchange_leader_named_CEO_of_HealthCaregov
105,0105_Federal_Marketplaces_New_Leader_Promises_Progress
106,0106_Nine_states_considering_Connecticuts_Obamacare_fix
107,0107_Feds_pick_first_CEO_for_HealthCaregov
108,0108_First_Edition_August_27_2014
109,0109_Columbia_health_center_receives_$250000_from_Obama_administration
110,0110_Tweeted_bomb_threat_sees_plane_carrying_Sony_president_diverted
111,0111_Sony_says_no_customer_information_was_taken_in_online_attack
112,0112_Sonys_Gaming_Network_Returns_After_Hacker_Attack_Bomb_Threat
113,0113_Sony_says_PlayStation_Network_back_online
114,0114_Hackers_attack_Sonys_PlayStation_Network
115,0115_Sony_NYSE_SNE_and_Other_Major_Gaming_Services_Becomes_Latest_Cyber
116,0116_PlayStation_Network_buckles_from_massive_hacker_attack_Xbox_could_be_next_target
117,0117_Weekend_of_gaming_hell_as_DDOS_attacks_disrupt_major_gaming_networks
118,0118_Who_Really_Attacked_Sony_and_Microsofts_Networks
119,0119_PSN_Is_Back_Online_Maintenance_Postponed
120,0120_Tiffany_Earnings_Shining_Across_the_Board
121,0121_Jeweler_Tiffany_raises_fullyear_profit_forecast
122,0122_Express_Gains_On_Upbeat_Results_Smith_&_Wesson_Shares_Dip
123,0123_Smith_&_Wesson_Tiffany_Michaels_in_focus_for_Wednesday
124,0124_Most_actively_traded_companies_on_the_TSX
125,0125_Tim_Hortons_Downgraded_by_BMO_Capital_Markets_to_Market_Perform_THI
126,0126_Will_Smith_&_Wesson_Holding_Corp_Keep_Feeling_the_Pain
127,0127_Orbitz_spat_and_Tiffanys_sparklefive_things_to_know_today
128,0128_Wall_Street_Drifts_Higher_S&P_Flirts_With_2K_Mark
129,0129_Wall_St_flat_at_record_levels_valuations_seen_as_reasonable
130,0130_Microsoft_shaves_$100_off_price_of_Surface_2_tablet
131,0131_Microsoft_Surface_2_Prices_Fall_as_Rumors_Regarding_Sequel_Fire_Up
132,0132_Back_to_school_bargain_Microsoft_Surface_2_now_about_$100_cheaper
133,0133_Microsoft_cuts_prices_on_Surface_2_line_by_$100
134,0134_Microsofts_new_tablet_has_functions_of_a_laptop
135,0135_PC_market_not_as_bad_as_previously_thought_IDC_says
136,0136_This_years_PC_market_will_be_a_bit_less_dire_than_earlier_thought
137,0137_Apple_Is_Preparing_to_Drop_a_Big_Device_on_September_9
138,0138_Dont_call_is_a_comeback_yet_but_PC_sales_are_surging
139,0139_Apple_iPhone_making_automatic_calls_due_to_faulty_App
140,0140_True_Blood_Finale_Hits_SeasonHigh_Ratings
141,0141_True_Blood_Series_Finale_Upsets_Fans_Some_Say_It_Was_As_Bad_As_Dexter_Finale
142,0142_Stephen_Moyer_Doesnt_Need_True_Blood_to_Tie_Up_the_SookieBill_Storyline
143,0143_True_Blood_Series_Finale_Recap_Does_Sookie_Help_Bill_Meet_the_True_Death
144,0144_True_Blood_series_finale_Want_a_piece_from_the_big_wedding
145,0145_True_Blood_Season_7_Spoilers_Who_Did_Sookie_End_Up_With_In_The_Series
146,0146_Managing_BP_at_Home_Works_in_HighRisk_Patients
147,0147_Emmys_Breaking_Bad_Modern_Family_big_winners
148,0148_The_big_winners_at_the_Emmy_Awards
149,0149_Quiet_night_for_Netflix_at_Emmys
150,0150_Lowbudget_Ryanair_launches_businessclass_tickets
151,0151_Ryanair_announces_new_business_class_option_Business_Plus
152,0152_Ryanair_is_to_introduce_a_business_class
153,0153_Ryanair_introduces_business_class_fares_for_first_time
154,0154_Michael_OLeary_wants_Israeli_Ryanair
155,0155_American_US_Airways_Sever_Ties_With_Orbitz
156,0156_American_Airlines_US_Airways_to_yank_fares_from_Orbitz
157,0157_American_Airlines_Pulls_Fares_From_Orbitz_as_Negotiations_Fail
158,0158_Orbitz_Is_Tanking_After_American_Airlines_Pulls_Fares_From_Site
159,0159_Ebola_scare_SA_Airways_takes_steps_to_prevent_virus_spread
160,0160_Miley_Lets_Homeless_Man_Accept_MTV_Award
161,0161_5_memorable_VMA_momentsBeyonce_and_beyond
162,0162_Jay_Z_and_Blue_Ivy_present_Beyonce_with_MTV_VMA_Lifetime_Achievement_Award
163,0163_Miley_Cyrus_Ed_Sheeran_and_Katy_Perry_among_major_MTV_VMAs_winners
164,0164_MTV_VMAs_2014_Watch_the_best_of_last_nights_performances_here
165,0165_Miley_Cyrus_Crying_At_The_VMASWas_This_The_Best_Moment_Of_The_Show
166,0166_Watch_Beyonces_MTV_VMAs_15_minute_performance_in_full
167,0167_MTV_VMAs_2014_Miley_Cyrus_reveals_she_brought_homeless_youth_as_her_date
168,0168_Miley_Cyrus_Wins_Video_of_the_Year_Has_Homeless_Man_Accept_Award_Watch
169,0169_Love_Cannons_CornerWhat_Has_Become_Of_the_VMAs
170,0170_Jessica_AlbaJessica_Albas_The_Honest_Company_Nears_A_$1_Billion_In_Just
171,0171_The_Honest_Co_How_is_this_organic_baby_product_startup_worth_almost_$1bn
172,0172_Jessica_Albas_ecofriendly_baby_business_bounces_toward_$1B
173,0173_Apple_Inc_AAPLStock_Analysis
174,0174_Alibaba_profits_surge_ahead_of_US_stock_market_debut
175,0175_Alibaba_profits_almost_triple_as_it_approaches_IPO
176,0176_Arts_and_crafts_retailer_Michaels_is_upbeat
177,0177_Tiffanys_Profit_Up_On_Strong_Demand_Despite_Higher_Prices
178,0178_UPDATE_1IPO_VIEWFund_managers_look_to_make_room_for_Alibaba
179,0179_Alibaba_worth_over_$200bn_after_profits_triple
180,0180_20102013_Suzuki_Kizashi_Recalled_For_Spiders_Its_A_Trend
181,0181_Suzuki_Blames_Spider_Webs_for_Kizashi_Sedan_Recall
182,0182_Spideysense_prompts_Suzuki_to_recall_19K_sedans
183,0183_Suzuki_recalls_Kizashi_vehicles
184,0184_iPhone_5_Battery_Life_Drain_&_Replacement_Apple_Support_Page_and_How_to
185,0185_Apple_Recalls_iPhone_5s_for_Battery_Woes
186,0186_Apple_launches_Battery_Replacement_Program_for_some_iPhone_5_units
187,0187_Apple_recalls_iPhone_5s_for_battery_woes
188,0188_Some_iPhone_5_models_are_recalled_due_to_battery_problems
189,0189_Some_iPhone_5_users_could_qualify_for_a_free_battery
190,0190_Actually_Minority_Workers_Are_Everywhere_In_Silicon_ValleyTheyre_Just_Not
191,0191_Yes_There_Is_Diversity_in_Silicon_Valleyif_You_Know_Where_to_Look
192,0192_156000_reasons_to_learn_to_code_average_San_Francisco_tech_salaries_up_19
193,0193_Quinn_Getting_more_workforce_data_out_of_Silicon_Valley_firms
194,0194_Whats_next_for_San_Franciscos_tech_community
195,0195_Market_Basket_worker_files_complaint
196,0196_Silicon_Valley_workers_earn_three_times_more_than_tech_staff_here
197,0197_WHO_Medical_worker_infections_and_shortages_hamper_Ebola_response
198,0198_Biz_Break_Apple_resumes_recordbreaking_ride_amid_wave_of_iRumors
199,0199_WHODeployed_Healthcare_Worker_Receiving_Care_After_Testing_Positive_for_Ebola
200,0200_Jessie_J_Kicks_Off_MTV_VMAs_With_Ariana_Grande_and_Nicki_Minaj_Debuts_Bang
201,0201_VMAs_Ariana_Grande_Nicki_Minaj_and_Jessie_J_Kick_Off_Show_With_Bang_Bang
202,0202_Nicki_Minaj_suffers_wardrobe_malfunction_during_MTV_VMAs_performance_with
203,0203_Yes_Nicki_Minaj_Had_a_Wardrobe_Malfunction_at_the_VMAs
204,0204_MTV_VMAs_2014_Nicki_Minaj_suffers_wardrobe_malfunction_performing_Bang
205,0205_Bang_Bang_Music_Video_Copy_Jessie_Js_Glam_Curls_Hairstyle
206,0206_The_VMAs_MustSee_Moments
207,0207_Nicki_Minaj_simulates_sex_with_backing_dancer_in_shocking_MTV_VMAs_performance
208,0208_MTV_Video_Music_Awards_2014_badass_women_dominated_the_show
209,0209_See_the_15_Best_Celebrity_Instagrams_from_the_MTV_Video_Music_Awards
210,0210_NASA_wants_to_explore_planets_with_robot_armies
211,0211_NASA_developing_robot_troops_to_explore_alien_worlds
212,0212_Sending_Humans_To_Mars_A_Principle_Of_Space_Exploration_Says_Former_NASA
213,0213_NASAs_New_Horizons_Explorer_to_rendezvous_with_Pluto_and_its_Five_Moons
214,0214_NASA_spacecraft_en_route_to_historic_look_at_mysterious_Pluto
215,0215_Curiosity_Resumes_Driving_Towards_Mount_Sharp_Cancels_Drilling_Potential
216,0216_New_Voyager_map_reveals_Neptunes_strange_moon_Triton
217,0217_New_Horizons_on_course_for_Pluto_crosses_Neptune_orbit
218,0218_Rosetta_selects_top_5_landing_sites_on_comet
219,0219_The_first_time_we_saw_a_comet_close_up
220,0220_Blue_Ivy_Was_The_Most_Important_Person_At_The_MTV_Video_Music_Awards
221,0221_MTV_VMAs_2014_Blue_Ivy_Carter_dances_sings_along_while_mom_Beyonce
222,0222_Blue_Ivy_Cutest_2014_MTV_VMA_Moments_Beyonces_Daughter_Nearly_Steals
223,0223_Watch_Beyonce_Accept_the_2014_MTV_Video_Vanguard_Award
224,0224_MTV_VMAs_2014_Beyonce_accepts_award_with_Blue_Ivy_and_Jay_Z_by_her_side
225,0225_Beyonce_Divorce_JayZ_Blue_Ivy_Family_Affection_Used_at_VMA_Awards_For_PR
226,0226_Jay_Z_desperate_to_show_his_love_for_Beyonce_at_MTV_Video_Music_Awards_amid
227,0227_The_VMAs_five_most_memorable_moments
228,0228_Blue_Ivy_at_the_VMAs_is_adorable_but_you_still_dont_get_to_objectify_her
229,0229_MTV_Video_Music_Awards_2014_Beyonce_and_Jay_Z_shut_down_marriage_split
230,0230_Highend_Androids_Xiaomi_Mi3_Vs_Samsung_Galaxy_S5_Specifications_and_Camera
231,0231_Samsung_Galaxy_S6_release_date_in_April_2015
232,0232_Samsung_Galaxy_S6_Could_Trump_Galaxy_Alpha_With_Mostly_Metal_Design
233,0233_Now_Samsung_Galaxy_S5_Mini_goes_Flipkart
234,0234_Samsung_Galaxy_Note_4_Teaser_Videos_Arrive
235,0235_Samsungs_Galaxy_Alpha_starts_new_smartphone_line
236,0236_Apple_loses_bid_to_block_sales_of_9_Samsung_phones
237,0237_What_Samsung_needs_to_do_to_win_fans_back
238,0238_Samsung_Galaxy_Alpha_To_Kickoff_New_A_Series_With_Metal_Designs_Set_For_Q3
239,0239_Samsung_Galaxy_S5_Steps_Up_and_Takes_ALS_Ice_Bucket_Challenge_Issues
240,0240_Climate_change_poses_growing_health_threat
241,0241_Experts_call_for_action_to_prevent_health_risks_associated_with_climate_change
242,0242_Severe_Pervasive_Irreversible_IPCCs_Devastating_Climate_Change
243,0243_UN_panel_Climate_change_dangerous_caused_by_people
244,0244_Fossil_fuel_emissions_causing_irreversible_damage_to_planet_UN_climate_report
245,0245_Climate_change_damage_a_warming_hiatus_and_carbon_cuts_So_much_to_do_so
246,0246_The_UNs_latest_report_on_climate_change_is_terrifying
247,0247_Any_2015_Climate_Change_Agreement_Likely_to_Fall_Short_of_Goals_Reports_Say
248,0248_Forget_the_climatecapandtrade_could_fix_your_allergies
249,0249_UN_study_Warming_effects_may_be_irreversible
250,0250_Walking_fish_reveal_how_our_ancestors_evolved_onto_land
251,0251_This_fish_walks_better_when_its_raised_on_land_study_finds
252,0252_Canadian_study_on_walking_fish_sheds_light_on_evolution_of_arms_and_legs
253,0253_Baby_Coral_Juvenile_Fish_can_Smell_Difference_between_Good_and_Bad_Reefs
254,0254_Coral_fish_prefer_waters_offering_good_reefs_says_study
255,0255_Coral_and_fish_can_smell_bad_reefs
256,0256_Coral_Can_Sniff_Out_Damaged_Reefs
257,0257_Shipwreck_of_Phoenician_boat_near_Malta_reveals_cargo_from_700_BCE
258,0258_Protected_Site_Of_Ancient_Dinosaur_Tracks_To_Be_Unveiled_In_Utah
259,0259_Utah_dinosaur_tracks_go_on_display_this_fall
260,0260_Cerseis_naked_Game_of_Thrones_walk_banned_by_church
261,0261_Croatian_Church_Smites_Cersei_Lannister_Nudity_Blocks_Game_of_Thrones_Filming
262,0262_Church_might_thwart_Cersei_Lannisters_Game_Of_Thrones_nude_scene
263,0263_God_forbids_Cersei_Lannisters_breasts
264,0264_Croatia_Really_Does_Not_Want_Cersei_To_Get_Naked_In_Game_Of_Thrones
265,0265_Girls_season_4watch_Lena_Dunham_in_teaser_trailer
266,0266_Lena_Headey_Stuns_In_Sexy_Black_Dress_At_2014_Emmys
267,0267_Emmys_Analysis_Breaking_Bad_&_Modern_Family_March_Into_History_Books_As
268,0268_Comedy_stars_feted_at_Emmys_suspense_for_drama_awards
269,0269_Emmys_Who_Got_Snubbed
270,0270_LG_4K_OLED_big_screen_TV_comes_with_a_stiff_price_$11K
271,0271_LG_Will_Sell_The_First_4K_OLED_TV
272,0272_LG_Officially_Reveals_Two_4K_OLED_TVs
273,0273_LG_bets_pricey_OLED_technology_is_future_of_TV
274,0274_LG_bets_on_costly_OLED_TVs
275,0275_TMobile_Quadruples_Data_for_$5_More_a_Month
276,0276_Daily_Burn_LG_lacks_style_but_has_a_stylus_Nexus_6_flexes_its_muscles_and
277,0277_iPhone_6_rumors_production_faces_issues_due_to_display_backlight
278,0278_Apple_said_to_prepare_new_129inch_iPad_for_early_2015
279,0279_iWatch_Launching_With_iPhone_6_on_Sept_9_Report
280,0280_IMF_boss_Christine_Lagarde_put_under_investigation_in_French_fraud_case
281,0281_IMF_Boss_Christine_Lagarde_Under_Investigation_Over_Bernard_Tapie_Corruption
282,0282_Christine_Lagarde_to_be_investigated_for_alleged_role_in_political_fraud_case
283,0283_IMF_chief_Christine_Lagarde_is_under_official_investigation_for_negligence
284,0284_IMF_Chief_Lagarde_Under_Investigation_in_French_Corruption_Probe
285,0285_IMFs_Lagarde_Under_Investigation_in_France
286,0286_Corruption_Investigation_Lands_IMF_Chief_Christine_Lagarde_in_Hot_Water
287,0287_Digest_More_heat_for_IMF_chief
288,0288_Justin_Bieber_investigated_for_robbery
289,0289_SHAREHOLDER_ALERT_Brower_Piven_Announces_The_Investigation_Of_Tim
290,0290_Its_great_seeing_them_walk_away_after_some_of_them_have_been_in_a_terrible_state
291,0291_Ebolainfected_British_health_worker_receives_treatment_in_London
292,0292_British_Ebola_victim_leaves_Sierra_Leone
293,0293_Sierra_Leone_News_Give_Ebola_success_stories_more
294,0294_Ogun_releases_Ebola_hotlines
295,0295_Ebola_cases_could_hit_20000_plan_aims_to_stop_diseases_spread_within_9_months
296,0296_Ebola_risk_Outbreak_set_to_get_worse_official_warns
297,0297_Ebolahit_states_slip_further_into_isolation
298,0298_Ebola_cases_could_eventually_reach_20000_UN_agency_says
299,0299_The_animal_source_of_the_Ebola_outbreak_in_West_Africa_eludes_scientists
